INSERT INTO `behatviewer_build` (`id`, `project_id`, `date`) VALUES
(1,  1, '1970-01-01 00:00:00'),
(2,  1, '1970-01-01 00:00:00'),
(3,  1, '1970-01-01 00:00:00'),
(4,  1, '1970-01-01 00:00:00'),
(5,  1, '1970-01-01 00:00:00'),
(6,  1, '1970-01-01 00:00:00'),
(7,  1, '1970-01-01 00:00:00'),
(8,  1, '1970-01-01 00:00:00'),
(9,  1, '1970-01-01 00:00:00'),
(10, 1, '1970-01-01 00:00:00'),
(11, 1, '1970-01-01 00:00:00'),
(12, 1, '1970-01-01 00:00:00'),
(13, 1, '1970-01-01 00:00:00'),
(14, 1, '1970-01-01 00:00:00'),
(15, 1, '1970-01-01 00:00:00'),
(16, 1, '1970-01-01 00:00:00'),
(17, 1, '1970-01-01 00:00:00'),
(18, 1, '1970-01-01 00:00:00'),
(19, 1, '1970-01-01 00:00:00'),
(20, 1, '1970-01-01 00:00:00'),
(21, 1, '1970-01-01 00:00:00'),
(22, 1, '1970-01-01 00:00:00'),
(23, 1, '1970-01-01 00:00:00'),
(24, 1, '1970-01-01 00:00:00'),
(25, 1, '1970-01-01 00:00:00');

INSERT INTO `behatviewer_feature` (`id`, `build_id`, `name`, `slug`, `description`) VALUES
(1,  1,  'Passed', 'passed', 'Lorem ipsum dolor sit amet, consectetur adipiscing elit. Nunc posuere mollis quam sed rhoncus. Lorem ipsum dolor sit amet, consectetur.'),
(2,  2,  'Passed', 'passed', 'Lorem ipsum dolor sit amet, consectetur adipiscing elit. Nunc posuere mollis quam sed rhoncus. Lorem ipsum dolor sit amet, consectetur.'),
(3,  3,  'Passed', 'passed', 'Lorem ipsum dolor sit amet, consectetur adipiscing elit. Nunc posuere mollis quam sed rhoncus. Lorem ipsum dolor sit amet, consectetur.'),
(4,  4,  'Passed', 'passed', 'Lorem ipsum dolor sit amet, consectetur adipiscing elit. Nunc posuere mollis quam sed rhoncus. Lorem ipsum dolor sit amet, consectetur.'),
(5,  5,  'Passed', 'passed', 'Lorem ipsum dolor sit amet, consectetur adipiscing elit. Nunc posuere mollis quam sed rhoncus. Lorem ipsum dolor sit amet, consectetur.'),
(6,  6,  'Passed', 'passed', 'Lorem ipsum dolor sit amet, consectetur adipiscing elit. Nunc posuere mollis quam sed rhoncus. Lorem ipsum dolor sit amet, consectetur.'),
(7,  7,  'Passed', 'passed', 'Lorem ipsum dolor sit amet, consectetur adipiscing elit. Nunc posuere mollis quam sed rhoncus. Lorem ipsum dolor sit amet, consectetur.'),
(8,  8,  'Passed', 'passed', 'Lorem ipsum dolor sit amet, consectetur adipiscing elit. Nunc posuere mollis quam sed rhoncus. Lorem ipsum dolor sit amet, consectetur.'),
(9,  9,  'Passed', 'passed', 'Lorem ipsum dolor sit amet, consectetur adipiscing elit. Nunc posuere mollis quam sed rhoncus. Lorem ipsum dolor sit amet, consectetur.'),
(10, 10, 'Passed', 'passed', 'Lorem ipsum dolor sit amet, consectetur adipiscing elit. Nunc posuere mollis quam sed rhoncus. Lorem ipsum dolor sit amet, consectetur.'),
(11, 11, 'Passed', 'passed', 'Lorem ipsum dolor sit amet, consectetur adipiscing elit. Nunc posuere mollis quam sed rhoncus. Lorem ipsum dolor sit amet, consectetur.'),
(12, 12, 'Passed', 'passed', 'Lorem ipsum dolor sit amet, consectetur adipiscing elit. Nunc posuere mollis quam sed rhoncus. Lorem ipsum dolor sit amet, consectetur.'),
(13, 13, 'Passed', 'passed', 'Lorem ipsum dolor sit amet, consectetur adipiscing elit. Nunc posuere mollis quam sed rhoncus. Lorem ipsum dolor sit amet, consectetur.'),
(14, 14, 'Passed', 'passed', 'Lorem ipsum dolor sit amet, consectetur adipiscing elit. Nunc posuere mollis quam sed rhoncus. Lorem ipsum dolor sit amet, consectetur.'),
(15, 15, 'Passed', 'passed', 'Lorem ipsum dolor sit amet, consectetur adipiscing elit. Nunc posuere mollis quam sed rhoncus. Lorem ipsum dolor sit amet, consectetur.'),
(16, 16, 'Passed', 'passed', 'Lorem ipsum dolor sit amet, consectetur adipiscing elit. Nunc posuere mollis quam sed rhoncus. Lorem ipsum dolor sit amet, consectetur.'),
(17, 17, 'Passed', 'passed', 'Lorem ipsum dolor sit amet, consectetur adipiscing elit. Nunc posuere mollis quam sed rhoncus. Lorem ipsum dolor sit amet, consectetur.'),
(18, 18, 'Passed', 'passed', 'Lorem ipsum dolor sit amet, consectetur adipiscing elit. Nunc posuere mollis quam sed rhoncus. Lorem ipsum dolor sit amet, consectetur.'),
(19, 19, 'Passed', 'passed', 'Lorem ipsum dolor sit amet, consectetur adipiscing elit. Nunc posuere mollis quam sed rhoncus. Lorem ipsum dolor sit amet, consectetur.'),
(20, 20, 'Passed', 'passed', 'Lorem ipsum dolor sit amet, consectetur adipiscing elit. Nunc posuere mollis quam sed rhoncus. Lorem ipsum dolor sit amet, consectetur.'),
(21, 21, 'Passed', 'passed', 'Lorem ipsum dolor sit amet, consectetur adipiscing elit. Nunc posuere mollis quam sed rhoncus. Lorem ipsum dolor sit amet, consectetur.'),
(22, 22, 'Passed', 'passed', 'Lorem ipsum dolor sit amet, consectetur adipiscing elit. Nunc posuere mollis quam sed rhoncus. Lorem ipsum dolor sit amet, consectetur.'),
(23, 23, 'Passed', 'passed', 'Lorem ipsum dolor sit amet, consectetur adipiscing elit. Nunc posuere mollis quam sed rhoncus. Lorem ipsum dolor sit amet, consectetur.'),
(24, 24, 'Passed', 'passed', 'Lorem ipsum dolor sit amet, consectetur adipiscing elit. Nunc posuere mollis quam sed rhoncus. Lorem ipsum dolor sit amet, consectetur.'),
(25, 25, 'Passed', 'passed', 'Lorem ipsum dolor sit amet, consectetur adipiscing elit. Nunc posuere mollis quam sed rhoncus. Lorem ipsum dolor sit amet, consectetur.');

INSERT INTO `behatviewer_scenario` (`id`, `feature_id`, `name`, `slug`, `status`) VALUES
(1,  1, 'Passed', 'passed', 'passed'),
(2,  2, 'Failed', 'failed', 'failed'),
(3,  3, 'Passed', 'passed', 'passed'),
(4,  4, 'Failed', 'failed', 'failed'),
(5,  5, 'Passed', 'passed', 'passed'),
(6,  6, 'Failed', 'failed', 'failed'),
(7,  7, 'Passed', 'passed', 'passed'),
(8,  8, 'Failed', 'failed', 'failed'),
(9,  9, 'Passed', 'passed', 'passed'),
(10, 10, 'Failed', 'failed', 'failed'),
(11, 11, 'Passed', 'passed', 'passed'),
(12, 12, 'Failed', 'failed', 'failed'),
(13, 13, 'Passed', 'passed', 'passed'),
(14, 14, 'Failed', 'failed', 'failed'),
(15, 15, 'Passed', 'passed', 'passed'),
(16, 16, 'Failed', 'failed', 'failed'),
(17, 17, 'Passed', 'passed', 'passed'),
(18, 18, 'Failed', 'failed', 'failed'),
(19, 19, 'Passed', 'passed', 'passed'),
(20, 20, 'Failed', 'failed', 'failed'),
(21, 21, 'Passed', 'passed', 'passed'),
(22, 22, 'Failed', 'failed', 'failed'),
(23, 23, 'Passed', 'passed', 'passed'),
(24, 24, 'Failed', 'failed', 'failed'),
(25, 25, 'Passed', 'passed', 'passed');

INSERT INTO `behatviewer_step` (`scenario_id`, `type`, `background`, `clean_text`, `text`, `file`, `line`, `status`, `definition`, `snippet`, `screen`, `exception`) VALUES
(1, 'Given', 0, 'I am on "/foo/"',    'I am on "/foo/"',    '/foo/bar/passed.feature', '5', 'passed', 'foo\\bar\\Context\\FeatureContext::visit()', '', '', ''),
(1, 'Then',  0, 'I should see "foo"', 'I should see "foo"', '/foo/bar/passed.feature', '6', 'passed', 'foo\\bar\\Context\\FeatureContext::see()',   '', '', ''),
(1, 'And',   0, 'I should see "bar"', 'I should see "bar"', '/foo/bar/passed.feature', '7', 'passed', 'foo\\bar\\Context\\FeatureContext::see()',   '', '', ''),
(2, 'Given', 0, 'I am on "/foo/"',    'I am on "/foo/"',    '/foo/bar/passed.feature', '5', 'passed', 'foo\\bar\\Context\\FeatureContext::visit()', '', '', ''),
(2, 'Then',  0, 'I should see "foo"', 'I should see "foo"', '/foo/bar/passed.feature', '6', 'passed', 'foo\\bar\\Context\\FeatureContext::see()',   '', '', ''),
(2, 'And',   0, 'I should see "bar"', 'I should see "bar"', '/foo/bar/passed.feature', '7', 'passed', 'foo\\bar\\Context\\FeatureContext::see()',   '', '', ''),
(2, 'And',   0, 'I should see "baz"', 'I should see "baz"', '/foo/bar/passed.feature', '8', 'passed', 'foo\\bar\\Context\\FeatureContext::see()',   '', '', ''),
(2, 'And',   0, 'I should see "boo"', 'I should see "boo"', '/foo/bar/passed.feature', '9', 'failed', 'foo\\bar\\Context\\FeatureContext::see()',   '', '', 'This is the exception message'),

(3, 'Given', 0, 'I am on "/foo/"',    'I am on "/foo/"',    '/foo/bar/passed.feature', '5', 'passed', 'foo\\bar\\Context\\FeatureContext::visit()', '', '', ''),
(3, 'Then',  0, 'I should see "foo"', 'I should see "foo"', '/foo/bar/passed.feature', '6', 'passed', 'foo\\bar\\Context\\FeatureContext::see()',   '', '', ''),
(3, 'And',   0, 'I should see "bar"', 'I should see "bar"', '/foo/bar/passed.feature', '7', 'passed', 'foo\\bar\\Context\\FeatureContext::see()',   '', '', ''),
(4, 'Given', 0, 'I am on "/foo/"',    'I am on "/foo/"',    '/foo/bar/passed.feature', '5', 'passed', 'foo\\bar\\Context\\FeatureContext::visit()', '', '', ''),
(4, 'Then',  0, 'I should see "foo"', 'I should see "foo"', '/foo/bar/passed.feature', '6', 'passed', 'foo\\bar\\Context\\FeatureContext::see()',   '', '', ''),
(4, 'And',   0, 'I should see "bar"', 'I should see "bar"', '/foo/bar/passed.feature', '7', 'passed', 'foo\\bar\\Context\\FeatureContext::see()',   '', '', ''),
(4, 'And',   0, 'I should see "baz"', 'I should see "baz"', '/foo/bar/passed.feature', '8', 'passed', 'foo\\bar\\Context\\FeatureContext::see()',   '', '', ''),
(4, 'And',   0, 'I should see "boo"', 'I should see "boo"', '/foo/bar/passed.feature', '9', 'failed', 'foo\\bar\\Context\\FeatureContext::see()',   '', '', 'This is the exception message'),

(5, 'Given', 0, 'I am on "/foo/"',    'I am on "/foo/"',    '/foo/bar/passed.feature', '5', 'passed', 'foo\\bar\\Context\\FeatureContext::visit()', '', '', ''),
(5, 'Then',  0, 'I should see "foo"', 'I should see "foo"', '/foo/bar/passed.feature', '6', 'passed', 'foo\\bar\\Context\\FeatureContext::see()',   '', '', ''),
(5, 'And',   0, 'I should see "bar"', 'I should see "bar"', '/foo/bar/passed.feature', '7', 'passed', 'foo\\bar\\Context\\FeatureContext::see()',   '', '', ''),
(6, 'Given', 0, 'I am on "/foo/"',    'I am on "/foo/"',    '/foo/bar/passed.feature', '5', 'passed', 'foo\\bar\\Context\\FeatureContext::visit()', '', '', ''),
(6, 'Then',  0, 'I should see "foo"', 'I should see "foo"', '/foo/bar/passed.feature', '6', 'passed', 'foo\\bar\\Context\\FeatureContext::see()',   '', '', ''),
(6, 'And',   0, 'I should see "bar"', 'I should see "bar"', '/foo/bar/passed.feature', '7', 'passed', 'foo\\bar\\Context\\FeatureContext::see()',   '', '', ''),
(6, 'And',   0, 'I should see "baz"', 'I should see "baz"', '/foo/bar/passed.feature', '8', 'passed', 'foo\\bar\\Context\\FeatureContext::see()',   '', '', ''),
(6, 'And',   0, 'I should see "boo"', 'I should see "boo"', '/foo/bar/passed.feature', '9', 'failed', 'foo\\bar\\Context\\FeatureContext::see()',   '', '', 'This is the exception message'),

(7, 'Given', 0, 'I am on "/foo/"',    'I am on "/foo/"',    '/foo/bar/passed.feature', '5', 'passed', 'foo\\bar\\Context\\FeatureContext::visit()', '', '', ''),
(7, 'Then',  0, 'I should see "foo"', 'I should see "foo"', '/foo/bar/passed.feature', '6', 'passed', 'foo\\bar\\Context\\FeatureContext::see()',   '', '', ''),
(7, 'And',   0, 'I should see "bar"', 'I should see "bar"', '/foo/bar/passed.feature', '7', 'passed', 'foo\\bar\\Context\\FeatureContext::see()',   '', '', ''),
(8, 'Given', 0, 'I am on "/foo/"',    'I am on "/foo/"',    '/foo/bar/passed.feature', '5', 'passed', 'foo\\bar\\Context\\FeatureContext::visit()', '', '', ''),
(8, 'Then',  0, 'I should see "foo"', 'I should see "foo"', '/foo/bar/passed.feature', '6', 'passed', 'foo\\bar\\Context\\FeatureContext::see()',   '', '', ''),
(8, 'And',   0, 'I should see "bar"', 'I should see "bar"', '/foo/bar/passed.feature', '7', 'passed', 'foo\\bar\\Context\\FeatureContext::see()',   '', '', ''),
(8, 'And',   0, 'I should see "baz"', 'I should see "baz"', '/foo/bar/passed.feature', '8', 'passed', 'foo\\bar\\Context\\FeatureContext::see()',   '', '', ''),
(8, 'And',   0, 'I should see "boo"', 'I should see "boo"', '/foo/bar/passed.feature', '9', 'failed', 'foo\\bar\\Context\\FeatureContext::see()',   '', '', 'This is the exception message'),

(9, 'Given', 0, 'I am on "/foo/"',    'I am on "/foo/"',    '/foo/bar/passed.feature', '5', 'passed', 'foo\\bar\\Context\\FeatureContext::visit()', '', '', ''),
(9, 'Then',  0, 'I should see "foo"', 'I should see "foo"', '/foo/bar/passed.feature', '6', 'passed', 'foo\\bar\\Context\\FeatureContext::see()',   '', '', ''),
(9, 'And',   0, 'I should see "bar"', 'I should see "bar"', '/foo/bar/passed.feature', '7', 'passed', 'foo\\bar\\Context\\FeatureContext::see()',   '', '', ''),
(10, 'Given', 0, 'I am on "/foo/"',    'I am on "/foo/"',    '/foo/bar/passed.feature', '5', 'passed', 'foo\\bar\\Context\\FeatureContext::visit()', '', '', ''),
(10, 'Then',  0, 'I should see "foo"', 'I should see "foo"', '/foo/bar/passed.feature', '6', 'passed', 'foo\\bar\\Context\\FeatureContext::see()',   '', '', ''),
(10, 'And',   0, 'I should see "bar"', 'I should see "bar"', '/foo/bar/passed.feature', '7', 'passed', 'foo\\bar\\Context\\FeatureContext::see()',   '', '', ''),
(10, 'And',   0, 'I should see "baz"', 'I should see "baz"', '/foo/bar/passed.feature', '8', 'passed', 'foo\\bar\\Context\\FeatureContext::see()',   '', '', ''),
(10, 'And',   0, 'I should see "boo"', 'I should see "boo"', '/foo/bar/passed.feature', '9', 'failed', 'foo\\bar\\Context\\FeatureContext::see()',   '', '', 'This is the exception message'),

(11, 'Given', 0, 'I am on "/foo/"',    'I am on "/foo/"',    '/foo/bar/passed.feature', '5', 'passed', 'foo\\bar\\Context\\FeatureContext::visit()', '', '', ''),
(11, 'Then',  0, 'I should see "foo"', 'I should see "foo"', '/foo/bar/passed.feature', '6', 'passed', 'foo\\bar\\Context\\FeatureContext::see()',   '', '', ''),
(11, 'And',   0, 'I should see "bar"', 'I should see "bar"', '/foo/bar/passed.feature', '7', 'passed', 'foo\\bar\\Context\\FeatureContext::see()',   '', '', ''),
(12, 'Given', 0, 'I am on "/foo/"',    'I am on "/foo/"',    '/foo/bar/passed.feature', '5', 'passed', 'foo\\bar\\Context\\FeatureContext::visit()', '', '', ''),
(12, 'Then',  0, 'I should see "foo"', 'I should see "foo"', '/foo/bar/passed.feature', '6', 'passed', 'foo\\bar\\Context\\FeatureContext::see()',   '', '', ''),
(12, 'And',   0, 'I should see "bar"', 'I should see "bar"', '/foo/bar/passed.feature', '7', 'passed', 'foo\\bar\\Context\\FeatureContext::see()',   '', '', ''),
(12, 'And',   0, 'I should see "baz"', 'I should see "baz"', '/foo/bar/passed.feature', '8', 'passed', 'foo\\bar\\Context\\FeatureContext::see()',   '', '', ''),
(12, 'And',   0, 'I should see "boo"', 'I should see "boo"', '/foo/bar/passed.feature', '9', 'failed', 'foo\\bar\\Context\\FeatureContext::see()',   '', '', 'This is the exception message'),

(13, 'Given', 0, 'I am on "/foo/"',    'I am on "/foo/"',    '/foo/bar/passed.feature', '5', 'passed', 'foo\\bar\\Context\\FeatureContext::visit()', '', '', ''),
(13, 'Then',  0, 'I should see "foo"', 'I should see "foo"', '/foo/bar/passed.feature', '6', 'passed', 'foo\\bar\\Context\\FeatureContext::see()',   '', '', ''),
(13, 'And',   0, 'I should see "bar"', 'I should see "bar"', '/foo/bar/passed.feature', '7', 'passed', 'foo\\bar\\Context\\FeatureContext::see()',   '', '', ''),
(14, 'Given', 0, 'I am on "/foo/"',    'I am on "/foo/"',    '/foo/bar/passed.feature', '5', 'passed', 'foo\\bar\\Context\\FeatureContext::visit()', '', '', ''),
(14, 'Then',  0, 'I should see "foo"', 'I should see "foo"', '/foo/bar/passed.feature', '6', 'passed', 'foo\\bar\\Context\\FeatureContext::see()',   '', '', ''),
(14, 'And',   0, 'I should see "bar"', 'I should see "bar"', '/foo/bar/passed.feature', '7', 'passed', 'foo\\bar\\Context\\FeatureContext::see()',   '', '', ''),
(14, 'And',   0, 'I should see "baz"', 'I should see "baz"', '/foo/bar/passed.feature', '8', 'passed', 'foo\\bar\\Context\\FeatureContext::see()',   '', '', ''),
(14, 'And',   0, 'I should see "boo"', 'I should see "boo"', '/foo/bar/passed.feature', '9', 'failed', 'foo\\bar\\Context\\FeatureContext::see()',   '', '', 'This is the exception message'),

(15, 'Given', 0, 'I am on "/foo/"',    'I am on "/foo/"',    '/foo/bar/passed.feature', '5', 'passed', 'foo\\bar\\Context\\FeatureContext::visit()', '', '', ''),
(15, 'Then',  0, 'I should see "foo"', 'I should see "foo"', '/foo/bar/passed.feature', '6', 'passed', 'foo\\bar\\Context\\FeatureContext::see()',   '', '', ''),
(15, 'And',   0, 'I should see "bar"', 'I should see "bar"', '/foo/bar/passed.feature', '7', 'passed', 'foo\\bar\\Context\\FeatureContext::see()',   '', '', ''),
(16, 'Given', 0, 'I am on "/foo/"',    'I am on "/foo/"',    '/foo/bar/passed.feature', '5', 'passed', 'foo\\bar\\Context\\FeatureContext::visit()', '', '', ''),
(16, 'Then',  0, 'I should see "foo"', 'I should see "foo"', '/foo/bar/passed.feature', '6', 'passed', 'foo\\bar\\Context\\FeatureContext::see()',   '', '', ''),
(16, 'And',   0, 'I should see "bar"', 'I should see "bar"', '/foo/bar/passed.feature', '7', 'passed', 'foo\\bar\\Context\\FeatureContext::see()',   '', '', ''),
(16, 'And',   0, 'I should see "baz"', 'I should see "baz"', '/foo/bar/passed.feature', '8', 'passed', 'foo\\bar\\Context\\FeatureContext::see()',   '', '', ''),
(16, 'And',   0, 'I should see "boo"', 'I should see "boo"', '/foo/bar/passed.feature', '9', 'failed', 'foo\\bar\\Context\\FeatureContext::see()',   '', '', 'This is the exception message'),

(17, 'Given', 0, 'I am on "/foo/"',    'I am on "/foo/"',    '/foo/bar/passed.feature', '5', 'passed', 'foo\\bar\\Context\\FeatureContext::visit()', '', '', ''),
(17, 'Then',  0, 'I should see "foo"', 'I should see "foo"', '/foo/bar/passed.feature', '6', 'passed', 'foo\\bar\\Context\\FeatureContext::see()',   '', '', ''),
(17, 'And',   0, 'I should see "bar"', 'I should see "bar"', '/foo/bar/passed.feature', '7', 'passed', 'foo\\bar\\Context\\FeatureContext::see()',   '', '', ''),
(18, 'Given', 0, 'I am on "/foo/"',    'I am on "/foo/"',    '/foo/bar/passed.feature', '5', 'passed', 'foo\\bar\\Context\\FeatureContext::visit()', '', '', ''),
(18, 'Then',  0, 'I should see "foo"', 'I should see "foo"', '/foo/bar/passed.feature', '6', 'passed', 'foo\\bar\\Context\\FeatureContext::see()',   '', '', ''),
(18, 'And',   0, 'I should see "bar"', 'I should see "bar"', '/foo/bar/passed.feature', '7', 'passed', 'foo\\bar\\Context\\FeatureContext::see()',   '', '', ''),
(18, 'And',   0, 'I should see "baz"', 'I should see "baz"', '/foo/bar/passed.feature', '8', 'passed', 'foo\\bar\\Context\\FeatureContext::see()',   '', '', ''),
(18, 'And',   0, 'I should see "boo"', 'I should see "boo"', '/foo/bar/passed.feature', '9', 'failed', 'foo\\bar\\Context\\FeatureContext::see()',   '', '', 'This is the exception message'),

(19, 'Given', 0, 'I am on "/foo/"',    'I am on "/foo/"',    '/foo/bar/passed.feature', '5', 'passed', 'foo\\bar\\Context\\FeatureContext::visit()', '', '', ''),
(19, 'Then',  0, 'I should see "foo"', 'I should see "foo"', '/foo/bar/passed.feature', '6', 'passed', 'foo\\bar\\Context\\FeatureContext::see()',   '', '', ''),
(19, 'And',   0, 'I should see "bar"', 'I should see "bar"', '/foo/bar/passed.feature', '7', 'passed', 'foo\\bar\\Context\\FeatureContext::see()',   '', '', ''),
(20, 'Given', 0, 'I am on "/foo/"',    'I am on "/foo/"',    '/foo/bar/passed.feature', '5', 'passed', 'foo\\bar\\Context\\FeatureContext::visit()', '', '', ''),
(20, 'Then',  0, 'I should see "foo"', 'I should see "foo"', '/foo/bar/passed.feature', '6', 'passed', 'foo\\bar\\Context\\FeatureContext::see()',   '', '', ''),
(20, 'And',   0, 'I should see "bar"', 'I should see "bar"', '/foo/bar/passed.feature', '7', 'passed', 'foo\\bar\\Context\\FeatureContext::see()',   '', '', ''),
(20, 'And',   0, 'I should see "baz"', 'I should see "baz"', '/foo/bar/passed.feature', '8', 'passed', 'foo\\bar\\Context\\FeatureContext::see()',   '', '', ''),
(20, 'And',   0, 'I should see "boo"', 'I should see "boo"', '/foo/bar/passed.feature', '9', 'failed', 'foo\\bar\\Context\\FeatureContext::see()',   '', '', 'This is the exception message'),

(21, 'Given', 0, 'I am on "/foo/"',    'I am on "/foo/"',    '/foo/bar/passed.feature', '5', 'passed', 'foo\\bar\\Context\\FeatureContext::visit()', '', '', ''),
(21, 'Then',  0, 'I should see "foo"', 'I should see "foo"', '/foo/bar/passed.feature', '6', 'passed', 'foo\\bar\\Context\\FeatureContext::see()',   '', '', ''),
(21, 'And',   0, 'I should see "bar"', 'I should see "bar"', '/foo/bar/passed.feature', '7', 'passed', 'foo\\bar\\Context\\FeatureContext::see()',   '', '', ''),
(22, 'Given', 0, 'I am on "/foo/"',    'I am on "/foo/"',    '/foo/bar/passed.feature', '5', 'passed', 'foo\\bar\\Context\\FeatureContext::visit()', '', '', ''),
(22, 'Then',  0, 'I should see "foo"', 'I should see "foo"', '/foo/bar/passed.feature', '6', 'passed', 'foo\\bar\\Context\\FeatureContext::see()',   '', '', ''),
(22, 'And',   0, 'I should see "bar"', 'I should see "bar"', '/foo/bar/passed.feature', '7', 'passed', 'foo\\bar\\Context\\FeatureContext::see()',   '', '', ''),
(22, 'And',   0, 'I should see "baz"', 'I should see "baz"', '/foo/bar/passed.feature', '8', 'passed', 'foo\\bar\\Context\\FeatureContext::see()',   '', '', ''),
(22, 'And',   0, 'I should see "boo"', 'I should see "boo"', '/foo/bar/passed.feature', '9', 'failed', 'foo\\bar\\Context\\FeatureContext::see()',   '', '', 'This is the exception message'),

(23, 'Given', 0, 'I am on "/foo/"',    'I am on "/foo/"',    '/foo/bar/passed.feature', '5', 'passed', 'foo\\bar\\Context\\FeatureContext::visit()', '', '', ''),
(23, 'Then',  0, 'I should see "foo"', 'I should see "foo"', '/foo/bar/passed.feature', '6', 'passed', 'foo\\bar\\Context\\FeatureContext::see()',   '', '', ''),
(23, 'And',   0, 'I should see "bar"', 'I should see "bar"', '/foo/bar/passed.feature', '7', 'passed', 'foo\\bar\\Context\\FeatureContext::see()',   '', '', ''),
(24, 'Given', 0, 'I am on "/foo/"',    'I am on "/foo/"',    '/foo/bar/passed.feature', '5', 'passed', 'foo\\bar\\Context\\FeatureContext::visit()', '', '', ''),
(24, 'Then',  0, 'I should see "foo"', 'I should see "foo"', '/foo/bar/passed.feature', '6', 'passed', 'foo\\bar\\Context\\FeatureContext::see()',   '', '', ''),
(24, 'And',   0, 'I should see "bar"', 'I should see "bar"', '/foo/bar/passed.feature', '7', 'passed', 'foo\\bar\\Context\\FeatureContext::see()',   '', '', ''),
(24, 'And',   0, 'I should see "baz"', 'I should see "baz"', '/foo/bar/passed.feature', '8', 'passed', 'foo\\bar\\Context\\FeatureContext::see()',   '', '', ''),
(24, 'And',   0, 'I should see "boo"', 'I should see "boo"', '/foo/bar/passed.feature', '9', 'failed', 'foo\\bar\\Context\\FeatureContext::see()',   '', '', 'This is the exception message'),

(25, 'Given', 0, 'I am on "/foo/"',    'I am on "/foo/"',    '/foo/bar/passed.feature', '5', 'passed', 'foo\\bar\\Context\\FeatureContext::visit()', '', '', ''),
(25, 'Then',  0, 'I should see "foo"', 'I should see "foo"', '/foo/bar/passed.feature', '6', 'passed', 'foo\\bar\\Context\\FeatureContext::see()',   '', '', ''),
(25, 'And',   0, 'I should see "bar"', 'I should see "bar"', '/foo/bar/passed.feature', '7', 'passed', 'foo\\bar\\Context\\FeatureContext::see()',   '', '', '');